,,,,,,,,,,,,,,,,,,,,,,,,,,,,,,,,,,,,,,,,,,,
,System Info ,,,,,,,,,,,,,,,,,,,,,,,,,,,,,,,,,,,,,,,,,,
,,,,,,,,TCO2 (R744),,,,"HFC DX (R404A, R407A, R448A etc.)",,,,SCO2 (Secondary CO2),,,,Glycol,,,,,,,,,,,,,,,,,,,,,,,
,Field,Display Name,Type,User Enter/Reference,List for Combo,Default Value,,Field Applies,display name (if different depending on technology),User Input or Reference,Default Value,Field Applies,display name,User Input or Reference,Default Value,Field Applies,display name,User Input or Reference,Default Value,Field Applies,display name,User Input or Reference,Default Value,,,,,,,,,,,,,,,,,,,,
,system_designation,System Designation,text,User,,,,y,,,,y,,,,y,,,,y,,,,,,,,,,,,,,,,,,,,,,,
,refrigerant,Refrigerant,text,User,,,,y,,,,y,,,,,,,,,,,,,,,,,,,,,,,,,,,,,,,
,bas_cntrl_manuf.,BAS Controller Manuf.,combo,User,,,,y,,,,y,,,,y,,,,y,,,,,,,,,,,,,,,,,,,,,,,
,condenser_type,See technology specific display names,combo,User,,,,y,Gas Cooler Type,user,,y,Condenser Type,user,,,,,,,,,,,,,,,,,,,,,,,,,,,,,
,system_type,System Type,combo,technology specific,,,,y,,user,,y,,user,,y,,reference,,y,,reference,,,,,,,,,,,,,,,,,,,,,
,consultant*,Consultant,text,User,,DCE,,y,,,,y,,,,y,,,,y,,,,,,,,,,,,,,,,,,,,,,,
,prepared_by*,Prepared By,text,User,,,,y,,,,y,,,,y,,,,y,,,,,,,,,,,,,,,,,,,,,,,
,refrig_oem*,Refrig. OEM,text,User,,,,y,,,,y,,,,y,,,,y,,,,,,,,,,,,,,,,,,,,,,,
,system_elec*,System Elec.,text,User,,,,y,,,,y,,,,y,,,,y,,,,,,,,,,,,,,,,,,,,,,,
,defrost_elec*,Defrost Elec.,text,User,,,,y,,,,y,,,,y,,,,y,,,,,,,,,,,,,,,,,,,,,,,
,sys_pilot_elec*,Sys. Pilot Elec.,text,User,,208V 1 Ph,,y,,,,y,,,,,,,,,,,,,,,,,,,,,,,,,,,,,,,
,cond_elec,See technology specific display names,text,User,,460V 3 Ph 60Hz,,y,Gas Cooler Elec,,,y,Condenser Elec,,,,,,,,,,,,,,,,,,,,,,,,,,,,,,
,sg1_return_gas_temp*,SG1 Return Gas Temp (°F),int,technology specific,,,,y,,reference,,y,,user,,,,,,,,,,,,,,,,,,,,,,,,,,,,,
,sg2_return_gas_temp*,SG2 Return Gas Temp (°F),int,technology specific,,,,y,,reference,,y,,user,,,,,,,,,,,,,,,,,,,,,,,,,,,,,
,sg3_return_gas_temp*,SG3 Return Gas Temp (°F),int,technology specific,,,,y,,reference,,y,,user,,,,,,,,,,,,,,,,,,,,,,,,,,,,,
,design_db*,Design DB (°F),float,user,,,,y,,,,y,,,,y,,,,y,,,,,,,,,,,,,,,,,,,,,,,
,design_wb*,Design WB (°F),float,user,,,,y,,,,y,,,,y,,,,y,,,,,,,,,,,,,,,,,,,,,,,
move to project information phase,design_interior_db*,Design Interior DB (°F),float,,,75°F,,y,,,,y,,,,y,,,,y,,,,,,,,,,,,,,,,,,,,,,,
move to project information phase,design_interior_rh*,Design Interior RH (%),float,,,55%,,y,,,,y,,,,y,,,,y,,,,,,,,,,,,,,,,,,,,,,,
,sat_condensing_temp*,Sat. Condensing Dew Temp (°F),float,user,,,,y,,,,y,,,,,,,,,,,,,,,,,,,,,,,,,,,,,,,
,,Sat. Cond. Mid-Point Temp (°F),float,user,,,,,,,,y,,,,,,,,,,,,,,,,,,,,,,,,,,,,,,,
,,Cond. Design TD Mid-Point (°F),float,user,,,,,,,,y,,,,,,,,,,,,,,,,,,,,,,,,,,,,,,,
,sg1_suct_temp*,SG1 Suct. Mid point Temp (°F),float,reference,,,,,,,,y,,,,,,,,,,,,,,,,,,,,,,,,,,,,,,,
,sg2_suct_temp*,SG2 Suct. Mid Point Temp (°F),float,reference,,,,,,,,y,,,,,,,,,,,,,,,,,,,,,,,,,,,,,,,
,sg3_suct_temp*,SG3 Suct. Mid-Point Temp (°F),float,reference,,,,,,,,y,,,,,,,,,,,,,,,,,,,,,,,,,,,,,,,
,,See technology specific display names,float,reference,,,,y,SG1 Sat. Suct. Temp (°F),,,y,SG1 Suct. Dew-Point Temp (°F),,,,,,,,,,,,,,,,,,,,,,,,,,,,,,
,,See technology specific display names,float,reference,,,,y,SG2 Sat. Suct. Temp (°F),,,y,SG2 Suct. Dew-Point Temp (°F),,,,,,,,,,,,,,,,,,,,,,,,,,,,,,
,,See technology specific display names,float,reference,,,,y,SG3 Sat. Suct. Temp (°F),,,y,SG3 Suct. Dew-Point Temp (°F),,,,,,,,,,,,,,,,,,,,,,,,,,,,,,
,sg1_liquid_temp*,SG1 Liquid Temp (°F),float,user,,,,y,,,,y,,,,,,,,,,,,,,,,,,,,,,,,,,,,,,,
,sg2_liquid_temp*,SG2 Liquid Temp (°F),float,user,,,,y,,,,y,,,,,,,,,,,,,,,,,,,,,,,,,,,,,,,
,sg3_liquid_temp*,SG3 Liquid Temp (°F),float,user,,,,y,,,,y,,,,,,,,,,,,,,,,,,,,,,,,,,,,,,,
,num_suction_groups*,Num. Suction Groups,int,user,,,,y,,,,y,,,,,,,,,,,,,,,,,,,,,,,,,,,,,,,
,,See technology specific display names,float,reference,,,,y,Estimated Total System Refrigerant Charge (lbs),,,y,Estimated Total System Refrigerant Charge (lbs),,,y,Estimated Total System Refrigerant Charge (lbs),,,y,Estimated Total System Refrigerant Charge (Gal),,,,,,,,,,,,,,,,,,,,,,
,,Rack & Cond. Charge  (lbs),float,user,,,,y,,,,y,,,,,,,,,,,,,,,,,,,,,,,,,,,,,,,
,,Fixture and Field Piping (lbs),float,reference,,,,y,,,,y,,,,y,,,,y,,,,,,,,,,,,,,,,,,,,,,,
,,Useful Superheat,int,technology specific,,,,y,,user,,y,,user,,,,,,,,,,,,,,,,,,,,,,,,,,,,,
,,Non-Useful Superheat,int,technology specific,,,,y,,user,,y,,reference,,,,,,,,,,,,,,,,,,,,,,,,,,,,,
move to project information phase,,5 yr. Extreme DB,float,,,,,,,,,y,,,,,,,,y,,,,,,,,,,,,,,,,,,,,,,,
move to project information phase,,50 yr. Exreme DB,float,,,,,,,,,,,,,y,,,,,,,,,,,,,,,,,,,,,,,,,,,
move to project information phase,,0.4% Monthly Max WB,float,,,,,,,,,y,,,,y,,,,y,,,,,,,,,,,,,,,,,,,,,,,
move to project information phase,,Max 0.4% Monthly Design DB,float,,,,,y,,,,,,,,,,,,,,,,,,,,,,,,,,,,,,,,,,,
,,Supply Fluid Temperature (°F),float,user,,,,,,,,,,,,y,,,,y,,,,,,,,,,,,,,,,,,,,,,,
,,Return Fluid Temperature (°F),float,user,,,,,,,,,,,,,,,,y,,,,,,,,,,,,,,,,,,,,,,,
,secondary_refrigerant,Secondary Refrigerant,text,user,,,,,,,,,,,,y,,,,y,,,,,,,,,,,,,,,,,,,,,,,
,gas_cooler_leaving_temp,Gas Cooler Leaving Refrig Temp (F),float,user,,,,y,,,,,,,,,,,,,,,,,,,,,,,,,,,,,,,,,,,
,flash_tank_sat_temp,Flash Tank Sat. Temp (F),float,user,,,,y,,,,,,,,,,,,,,,,,,,,,,,,,,,,,,,,,,,
,heat_reclaim_media,Heat Reclaim Media,text,user,,,,y,,,,y,,,,,,,,,,,,,,,,,,,,,,,,,,,,,,,
,heat_reclaim_use,Heat Reclaim Use,Combo,user,,,,y,,,,y,,,,,,,,,,,,,,,,,,,,,,,,,,,,,,,
,est_summer_thr,Est. Summer THR (MBH),float,user,,,,y,,,,y,,,N/A,,,,,,,,,,,,,,,,,,,,,,,,,,,,
,est_winter_thr,Est. Winter THR (MBH),float,user,,,,y,,,,y,,,N/A,,,,,,,,,,,,,,,,,,,,,,,,,,,,
,primary_refrig_liquid_temp,Primary Refrig. Liquid Temp (F),float,reference,,,,,,,,,,,,y,,,,y,,,,,,,,,,,,,,,,,,,,,,,
,primary_refrig_sst,Primary Refrig. SST (F),float,reference,,,,,,,,,,,,y,,,,y,,,,,,,,,,,,,,,,,,,,,,,
,primary_refrig_hxr_superheat,Primary Refrig. HXR Useful Superheat (F),float,reference,,,,,,,,,,,,y,,,,y,,,,,,,,,,,,,,,,,,,,,,,
,primary_refrig_sat_cond_temp,Primary Refrig. Sat. Cond. Temp (F),float,reference,,,,,,,,,,,,y,,,,y,,,,,,,,,,,,,,,,,,,,,,,
,primary_refrig_return_gas_temp,Primary Refrig. Return Gas Temp (F),float,reference,,,,,,,,,,,,y,,,,y,,,,,,,,,,,,,,,,,,,,,,,
,pump_skid_model,Pump Skid Model,combo,user,,,,,,,,,,,,y,,,,y,,,,,,,,,,,,,,,,,,,,,,,
,pump_skid_min_capacity_gpm,Pump Skid Minimum Capacity (GPM),float,reference,,,,,,,,,,,,y,,,,y,,,,,,,,,,,,,,,,,,,,,,,
,pump_skid_max_capacity_gpm,Pump Skid Maximum Capacity (GPM),float,reference,,,,,,,,,,,,y,,,,y,,,,,,,,,,,,,,,,,,,,,,,
,pump_skid_hxr_approach,Pump Skid HXR Approach (F),float,reference,,,,,,,,,,,,y,,,,y,,,,,,,,,,,,,,,,,,,,,,,
,,,,,,,,,,,,,,,,,,,,,,,,,,,,,,,,,,,,,,,,,,,
,,,,,,,,TCO2 (R744),,,,,,,"HFC DX (R404A, R407A, R448A etc.)",,,,,,,SCO2 (Secondary CO2),,,,,,,Glycol,,,,,,,,,,,,,,
,Circuit Designer,,,,,,Type,Case,,Walk-in,Skid,Custom,Stub,,Case,,Walk-in,Skid,Custom,Stub,,Case,,Walk-in,Skid,Custom,Stub,,Case,,Walk-in,Skid,Custom,Stub,,,,,,,,,
,,,,,,,Mode,database (y = reference),manual,Manual,-,Manual,-,,database (y = reference),manual,Manual,-,Manual,-,,database (y = reference),manual,Manual,-,Manual,-,,database (y = reference),manual,Manual,-,Manual,-,,,,,,,,,
,Field,Display Name,Type,,,,,,,,,,,,,,,,,,,,,,,,,,,,,,,,,,,,,,,,
,circuit_name,Name,text,,,,,y,y,y,ref,y,y,,y,y,y,ref,y,y,,y,y,y,-,y,y,,y,y,y,-,y,y,,,,,,,,,
,circuit_type,Type,combo,,,,,y,y,y,,y,y,,y,y,y,,y,y,,y,y,y,-,y,y,,y,y,y,-,y,y,,,,,,,,,
,mode,Mode,combo,,,,,y,y,y,,,,,y,y,y,,,,,y,y,y,-,,,,y,y,y,-,,,,,,,,,,,
,model,Model,combo,,pull from database,,,y,y,y,ref,y,,,y,y,y,ref,y,,,y,y,y,-,y,,,y,y,y,-,y,,,,,,,,,,
,evap_hx_qty,Evap./Hx Qty,int,,,,,,,y,,y,,,,,y,,y,,,,,y,-,y,,,,,y,-,y,,,,,,,,,,
,manufacturer,Manuf.,text,,,,,y,y,y,ref,y,,,y,y,y,ref,y,,,y,y,y,-,y,,,y,y,y,-,y,,,,,,,,,,
,length_unit,ft/drs,combo,,FT or DRS,,,y,y,,,y,,,y,y,,,y,,,y,y,,-,y,,,y,y,,-,y,,,,,,,,,,
,total_length,#,int,,,,,y,y,,,y,,,y,y,,,y,,,y,y,,-,y,,,y,y,,-,y,,,,,,,,,,
,qty_2drs_4ft,2drs/4',int,,,,,user,y,,,y,,,user,y,,,y,,,user,y,,-,y,,,user,y,,-,y,,,,,,,,,,
,qty_3drs_6ft,3drs/6',int,,,,,user,y,,,y,,,user,y,,,y,,,user,y,,-,y,,,user,y,,-,y,,,,,,,,,,
,qty_4drs_8ft,4drs/8',int,,,,,user,y,,,y,,,user,y,,,y,,,user,y,,-,y,,,user,y,,-,y,,,,,,,,,,
,qty_5drs_12ft,5drs/12',int,,,,,user,y,,,y,,,user,y,,,y,,,user,y,,-,y,,,user,y,,-,y,,,,,,,,,,
,walk_in_length,L,int,,,,,,,y,,y,,,,,y,,y,,,,,y,-,y,,,,,y,-,y,,,,,,,,,,
,walk_in_width,W,int,,,,,,,y,,y,,,,,y,,y,,,,,y,-,y,,,,,y,-,y,,,,,,,,,,
,walk_in_height,H,int,,,,,,,y,,y,,,,,y,,y,,,,,y,-,y,,,,,y,-,y,,,,,,,,,,
,application,Application,combo,,,,,user,y,y,user,y,y,,user,y,y,user,y,y,,user,y,y,-,y,y,,user,y,y,-,y,y,,,,,,,,,
,lshx,LSHX,checkbox,,,,,,,y,,y,,,,,y,,y,,,,,,-,y,,,,,,-,y,,,,,,,,,,
,heat_exchanger_model,Heat Exch. Model,text,,,,,,,y,,y,,,,,y,,y,,,,,,-,y,,,,,,-,y,,,,,,,,,,
,expansion_valve,Expan. Valve,text,,,,,,,y,,y,,,,,y,,y,,,,,y,-,y,,,,,,-,y,,,,,,,,,,
,distributer_nozzle,Distr. Nozzle,text,,,,,,,y,,y,,,,,y,,y,,,,,y,-,y,,,,,,-,y,,,,,,,,,,
,circuit_load,Circuit Load (MBH),float,,,,,y,y,y,ref,y,,,y,y,y,ref,y,,,y,y,y,-,y,,,y,y,y,-,y,,,,,,,,,,
,evap_temp,Evap. Temp.,int,,,,,y,y,y,ref,y,,,y,y,y,ref,y,,,y,y,y,-,y,,,y,y,y,-,y,,,,,,,,,,
,suct_temp,Suct. Temp.,int,,,,,y,y,y,ref,y,,,y,y,y,ref,y,,,y,y,y,-,y,,,y,y,y,-,y,,,,,,,,,,
,case_room_temp,Case/Room Temp.,text,,,,,y,y,y,,y,,,y,y,y,,y,,,y,y,y,-,y,,,y,y,y,-,y,,,,,,,,,,
,evap_pres_reg,EPR,text,,,,,,,,,y,y,,user,y,y,,y,y,,,,,-,y,y,,,,,-,y,y,,,,,,,,,
,suct_valve_delta,Suct. Valve ?P,float,,,,,,,,,y,,,user,y,y,,y,,,,,,-,y,,,,,,-,y,,,,,,,,,,
,liq_line_sol_valve,LLSV,text,,,,,,,y,,y,y,,user,y,y,,y,y,,,,,-,y,y,,,,,-,y,y,,,,,,,,,
,auto_flow_balance_valve,ABV,text,,,,,,,,,y,y,,,,,,y,y,,,,,-,y,y,,,,y,-,y,y,,,,,,,,,
,supply_line_soneloid_valve,SLSV,text,,,,,,,,,y,y,,,,,,y,y,,,,y,-,y,y,,,,y,-,y,y,,,,,,,,,
,defrost_type,Defrost Type,combo,,,,,y,y,y,,y,,,y,y,y,,y,,,y,y,y,-,y,,,y,y,y,-,y,,,,,,,,,,
,defrost_amps,Defrost Amps,float,,,,,y,y,y,,y,,,y,y,y,,y,,,y,y,y,-,y,,,y,y,y,-,y,,,,,,,,,,
,defrost_volts,Defrost Volts,text,,,,,user,y,y,,y,,,user,y,y,,y,,,user,y,y,-,y,,,user,y,y,-,y,,,,,,,,,,
,fan_amps,Fan Amps,float,,,,,y,y,y,,y,,,y,y,y,,y,,,y,y,y,-,y,,,y,y,y,-,y,,,,,,,,,,
,fan_volts,Fan Volts,text,,,,,y,y,y,,y,,,y,y,y,,y,,,y,y,y,-,y,,,y,y,y,-,y,,,,,,,,,,
,lights,Lights,text,,,,,y,y,,,y,,,y,y,,,y,,,y,y,,-,y,,,y,y,,-,y,,,,,,,,,,
,anti_sweat,Anti-Sweat,text,,,,,y,y,,,y,,,y,y,,,y,,,y,y,,-,y,,,y,y,,-,y,,,,,,,,,,
,refrig_charge,Refrig. Charge,text,,,,,y,y,y,,y,,,y,y,y,,y,,,y,y,y,-,y,,,y,y,y,-,y,,,,,,,,,,
,wm_equip_tag,WM Equip. Tag,text,,,,,y,y,,ref,y,,,y,y,,ref,y,,,y,y,,-,y,,,y,y,,-,y,,,,,,,,,,
,num_sub_ckts*,# Sub-CKTs,int,,,,,y,y,y,user,y,,,y,y,y,user,y,,,y,y,y,-,y,,,y,y,y,-,y,,,,,,,,,,
,main_circuit*,Main Circuit,text,,,,,y,y,y,ref,y,,,y,y,y,ref,y,,,y,y,y,-,y,,,y,y,y,-,y,,,,,,,,,,
,sub_circuit_load*,Sub-Circuit Load (MBH),float,,,,,y,y,y,ref,y,,,y,y,y,ref,y,,,y,y,y,-,y,,,y,y,y,-,y,,,,,,,,,,
,suction_group*,Suction Group,combo,,"1, 2 or 3",,,y,y,y,user,y,y,,y,y,y,user,y,y,,y,y,y,-,y,y,,y,y,y,-,y,y,,,,,,,,,
,location*,Location of valves,text,,,,,y,y,y,,y,,,y,y,y,,y,,,y,y,y,-,y,,,y,y,y,-,y,,,,,,,,,,
,const_phase,Construction Phase Sequence,int,,,,,y,y,y,,y,,,y,y,y,,y,,,y,y,y,-,y,,,y,y,y,-,y,,,,,,,,,,
,flow,Flow (GPM),float,,,,,,,,ref,y,,,,,,ref,y,,,,,,-,y,,,y,y,,-,y,,,,,,,,,,
,circulation_rate,Circulation Rate,float,,,,,,,,,y,,,,,,,y,,,y,y,y,-,y,,,,,,-,y,,,,,,,,,,
,comments,Comments,text,,,,,y,y,y,,y,,,y,y,y,,y,,,y,y,y,-,y,,,y,y,y,-,y,,,,,,,,,,
,equip_number,Equip Number,text,,,,,y,y,y,,y,,,y,y,y,,y,,,y,y,y,-,y,,,y,y,y,-,y,,,,,,,,,,
,notes,NOTES,text,,,,,y,y,y,,y,y,,y,y,y,,y,y,,y,y,y,-,y,y,,y,y,y,-,y,y,,,,,,,,,
,fixture_delta_p,Fixture ?P,float,,,,,,,,,y,,,,,,,y,,,,,,,y,,,y,y,y,,y,,,,,,,,,,
,,,,,,,,,,,,,,,,,,,,,,,,,,,,,,,,,,,,,,,,,,,
,,,,,,,,,,,,,,,,,,,,,,,,,,,,,,,,,,,,,,,,,,,
,,,,,,,,,,,,,,,,,,,,,,,,,,,,,,,,,,,,,,,,,,,
,,,,,,,,,,,,,,,,,,,,,,,,,,,,,,,,,,,,,,,,,,,
,,,,,,,,,,,,,,,,,,,,,,,,,,,,,,,,,,,,,,,,,,,
,,,,,,,,,,,,,,,,,,,,,,,,,,,,,,,,,,,,,,,,,,,
,,,,,,,,,,,,,,,,,,,,,,,,,,,,,,,,,,,,,,,,,,,
,Combo Box Sources,,,,,,,,,,,,,,,,,,,,,,,,,,,,,,,,,,,,,,,,,,
,Refrigerant,System Voltage,Store type,Prototype,SYSTEM TYPE,defrost voltage,Condenser type,OEM,BAS Controller Man.,Heat Reclaim Use,Skid Model,Enter Application ,Abbreviation,Def. Type,,,,,,,,,,,,,,,,,,,,,,,,,,,,,
,R134A,208/220V  3Ph 60Hz,Supercenter,15 Prototype,House / Central DX, OFF TIME,Air,Kysor Warren,Novar,Air,WMT-SEC-CO2-1/10-460,Bakery Desserts,,HG,,,,,,,,,,,,,,,,,,,,,,,,,,,,,
,R22,460V  3Ph 60Hz,Sam's Club,39 Prototype,Machine Room / Central DX, 208V 60Hz 1 or 3 Ph,Water,Hussmann,Carel,Hot Water,WMT-SEC-CO2-1/10-208,Cheese Island,CHEESE ISL,EL,,,,,,,,,,,,,,,,,,,,,,,,,,,,,
,R404A,347V  3Ph 60Hz,Neighborhood Mkt,90 Prototype,Distributed DX, 460V 60Hz 1 or 3 Ph,Fluid,Hill Phoenix,Copeland,Air & Hot H20,WMT-SEC-GLY-20/95-460,Chilled Soup,,OT,,,,,,,,,,,,,,,,,,,,,,,,,,,,,
,R407A,600V  3Ph 60Hz,Division I,98 Prototype,Hybrid House, 460V or 208V 60 Hz ,Adiabatic,Carrier,Danfoss,Glycol Heating,WMT-SEC-GLY-20/95-208,Deli Promo Island,,,,,,,,,,,,,,,,,,,,,,,,,,,,,,,
,R407C,,,100 Prototype,Compressor House, 347V 60Hz 1 or 3 Ph,Evap Condr,Zero Zone,,N/A,WMT-SEC-GLY-32/160-460,Dairy Promo Island,,,,,,,,,,,,,,,,,,,,,,,,,,,,,,,
,R410A,,,120 Prototype,Glycol / Modular DX, 600V 60Hz 1 or 3 Ph,Evap Fluid,RAE Corporation,,,WMT-SEC-GLY-32/160-208,Door Floral,,,,,,,,,,,,,,,,,,,,,,,,,,,,,,,
,R422D,,,136 Prototype,Transcritical Distributed, 600V or 347V 60 Hz ,,,,,,End Of Loop Bypass,,,,,,,,,,,,,,,,,,,,,,,,,,,,,,,
,R448A,,,143 Prototype,CO2 Liquid Overfeed / Parallel DX,,,,,,,Evap. Coil Branch,,,,,,,,,,,,,,,,,,,,,,,,,,,,,,,
,R449A,,,150 Prototype,Weather Pac,,,,,,,Floral,FLORAL,,,,,,,,,,,,,,,,,,,,,,,,,,,,,,
,R507A,,,153 Prototype,,,,,,,,Full Service Cake,,,,,,,,,,,,,,,,,,,,,,,,,,,,,,,
,R513A,,,176 Prototype,,,,,,,,Gourmet Island,,,,,,,,,,,,,,,,,,,,,,,,,,,,,,,
,R744,,,180 Prototype,,,,,,,,Grab-N-Go,GRAB N GO,,,,,,,,,,,,,,,,,,,,,,,,,,,,,,
,Glycol_20%,,,195 Prototype,,,,,,,,Home Meal Replacement,HMRP ISL,,,,,,,,,,,,,,,,,,,,,,,,,,,,,,
,Glycol_25%,,,Expansion,,,,,,,,Island Dairy,DAIRY ISL,,,,,,,,,,,,,,,,,,,,,,,,,,,,,,
,Glycol_30%,,,FLEX,,,,,,,,Island Fresh Meat,,,,,,,,,,,,,,,,,,,,,,,,,,,,,,,
,Glycol_35%,,,Renovation,,,,,,,,M.D. Bakery,MD BKRY,,,,,,,,,,,,,,,,,,,,,,,,,,,,,,
,Glycol_40%,,,,,,,,,,,M.D. Beer,MD BEER,,,,,,,,,,,,,,,,,,,,,,,,,,,,,,
,Carbon Dioxide,,,,,,,,,,,M.D. Cake,MD CAKE,,,,,,,,,,,,,,,,,,,,,,,,,,,,,,
,Ammonia,,,,,,,,,,,M.D. Dairy,MD DAIRY,,,,,,,,,,,,,,,,,,,,,,,,,,,,,,
,,,,,,,,,,,,M.D. Dairy End Cap,,,,,,,,,,,,,,,,,,,,,,,,,,,,,,,
,,,,,,,,,,,,M.D. Dairy Island,MD DAIRY ISL,,,,,,,,,,,,,,,,,,,,,,,,,,,,,,
,,,,,,,,,,,,M.D. Deli,MD DELI,,,,,,,,,,,,,,,,,,,,,,,,,,,,,,
,,,,,,,,,,,,M.D. Meat,MD MEAT,,,,,,,,,,,,,,,,,,,,,,,,,,,,,,
,,,,,,,,,,,,M.D. Fresh Meat,,,,,,,,,,,,,,,,,,,,,,,,,,,,,,,
,,,,,,,,,,,,M.D. Produce,MD PROD,,,,,,,,,,,,,,,,,,,,,,,,,,,,,,
,,,,,,,,,,,,M.D. Produce Island,MD PROD ISL,,,,,,,,,,,,,,,,,,,,,,,,,,,,,,
,,,,,,,,,,,,M.D. Produce w/ misters,MD PROD,,,,,,,,,,,,,,,,,,,,,,,,,,,,,,
,,,,,,,,,,,,M.D. Rear Load Dairy,MD RL DAIRY,,,,,,,,,,,,,,,,,,,,,,,,,,,,,,
,,,,,,,,,,,,M.D. Seafood,MD SFD,,,,,,,,,,,,,,,,,,,,,,,,,,,,,,
,,,,,,,,,,,,M.T. Cake,MT CAKE,,,,,,,,,,,,,,,,,,,,,,,,,,,,,,
,,,,,,,,,,,,M.T. Coffin Island,MT CFN ISL,,,,,,,,,,,,,,,,,,,,,,,,,,,,,,
,,,,,,,,,,,,M.T. Coffin w/ Ends,MT CFN ISL END,,,,,,,,,,,,,,,,,,,,,,,,,,,,,,
,,,,,,,,,,,,3D Cake,3D CAKE,,,,,,,,,,,,,,,,,,,,,,,,,,,,,,
,,,,,,,,,,,,Promo Island,,,,,,,,,,,,,,,,,,,,,,,,,,,,,,,
,,,,,,,,,,,,Pizza,PIZZA,,,,,,,,,,,,,,,,,,,,,,,,,,,,,,
,,,,,,,,,,,,Reach-in Dairy,DAIRY DRS,,,,,,,,,,,,,,,,,,,,,,,,,,,,,,
,,,,,,,,,,,,Reach-in Deli,DELI DRS,,,,,,,,,,,,,,,,,,,,,,,,,,,,,,
,,,,,,,,,,,,Rear Load Dairy,MD RL DAIRY,,,,,,,,,,,,,,,,,,,,,,,,,,,,,,
,,,,,,,,,,,,Rear Load Produce,MD RL PROD,,,,,,,,,,,,,,,,,,,,,,,,,,,,,,
,,,,,,,,,,,,Salad,SALAD,,,,,,,,,,,,,,,,,,,,,,,,,,,,,,
,,,,,,,,,,,,SD Meat,SD MEAT,,,,,,,,,,,,,,,,,,,,,,,,,,,,,,
,,,,,,,,,,,,Self-Service Bakery,,,,,,,,,,,,,,,,,,,,,,,,,,,,,,,
,,,,,,,,,,,,Self Service Cake,,,,,,,,,,,,,,,,,,,,,,,,,,,,,,,
,,,,,,,,,,,,Self-Service Seafood,,,,,,,,,,,,,,,,,,,,,,,,,,,,,,,
,,,,,,,,,,,,Self-Service Sushi,,,,,,,,,,,,,,,,,,,,,,,,,,,,,,,
,,,,,,,,,,,,Service Deli,SRVC DELI,,,,,,,,,,,,,,,,,,,,,,,,,,,,,,
,,,,,,,,,,,,1/2 Grocery Cooler W.I.,GROC CLR,,,,,,,,,,,,,,,,,,,,,,,,,,,,,,
,,,,,,,,,,,,Bakery Cooler W.I.,BKRY CLR,,,,,,,,,,,,,,,,,,,,,,,,,,,,,,
,,,,,,,,,,,,Beer Cooler W.I.,BEER CLR,,,,,,,,,,,,,,,,,,,,,,,,,,,,,,
,,,,,,,,,,,,Beverage/Beer Cooler W.I.,,,,,,,,,,,,,,,,,,,,,,,,,,,,,,,
,,,,,,,,,,,,Beverge Cooler W.I.,,,,,,,,,,,,,,,,,,,,,,,,,,,,,,,
,,,,,,,,,,,,1/3 Dairy Cooler W.I.,DAIRY CLR,,,,,,,,,,,,,,,,,,,,,,,,,,,,,,
,,,,,,,,,,,,1/2 Dairy Cooler W.I.,DAIRY CLR,,,,,,,,,,,,,,,,,,,,,,,,,,,,,,
,,,,,,,,,,,,Dairy Cooler W.I.,DAIRY CLR,,,,,,,,,,,,,,,,,,,,,,,,,,,,,,
,,,,,,,,,,,,Dairy Cooler W.I. W / Bossy ,DAIRY CLR,,,,,,,,,,,,,,,,,,,,,,,,,,,,,,
,,,,,,,,,,,,Dairy Cooler W.I. w/ drs.,DAIRY CLR,,,,,,,,,,,,,,,,,,,,,,,,,,,,,,
,,,,,,,,,,,,Dairy Storage W.I.,,,,,,,,,,,,,,,,,,,,,,,,,,,,,,,
,,,,,,,,,,,,Deli Cooler W.I.,DELI CLR,,,,,,,,,,,,,,,,,,,,,,,,,,,,,,
,,,,,,,,,,,,Deli Processing Prep,,,,,,,,,,,,,,,,,,,,,,,,,,,,,,,
,,,,,,,,,,,,Floral Cooler W.I.,,,,,,,,,,,,,,,,,,,,,,,,,,,,,,,
,,,,,,,,,,,,Meat Cooler W.I.,MEAT CLR,,,,,,,,,,,,,,,,,,,,,,,,,,,,,,
,,,,,,,,,,,,1/2 Meat Cooler W.I.,MEAT CLR,,,,,,,,,,,,,,,,,,,,,,,,,,,,,,
,,,,,,,,,,,,1/3 Meat Cooler W.I.,MEAT CLR,,,,,,,,,,,,,,,,,,,,,,,,,,,,,,
,,,,,,,,,,,,Meat Holding Cooler W.I.,,,,,,,,,,,,,,,,,,,,,,,,,,,,,,,
,,,,,,,,,,,,Meat Prep,MEAT PREP,,,,,,,,,,,,,,,,,,,,,,,,,,,,,,
,,,,,,,,,,,,Meat/Deli Cooler W.I.,,,,,,,,,,,,,,,,,,,,,,,,,,,,,,,
,,,,,,,,,,,,Poultry Cooler W.I.,POULTRY CLR,,,,,,,,,,,,,,,,,,,,,,,,,,,,,,
,,,,,,,,,,,,1/3 Produce Cooler W.I.,PROD CLR,,,,,,,,,,,,,,,,,,,,,,,,,,,,,,
,,,,,,,,,,,,1/2 Produce Cooler W.I.,PROD CLR,,,,,,,,,,,,,,,,,,,,,,,,,,,,,,
,,,,,,,,,,,,Produce Cooler W.I.,PROD CLR,,,,,,,,,,,,,,,,,,,,,,,,,,,,,,
,,,,,,,,,,,,Produce Prep,PROD PREP,,,,,,,,,,,,,,,,,,,,,,,,,,,,,,
,,,,,,,,,,,,Pickup Cooler W.I.,PICKUP CLR,,,,,,,,,,,,,,,,,,,,,,,,,,,,,,
,,,,,,,,,,,,Seafood (Fish)Cooler W.I.,SFD CLR,,,,,,,,,,,,,,,,,,,,,,,,,,,,,,
,,,,,,,,,,,,Seafood Prep,SFD PREP,,,,,,,,,,,,,,,,,,,,,,,,,,,,,,
,,,,,,,,,,,,Snack Bar Cooler W.I. ,,,,,,,,,,,,,,,,,,,,,,,,,,,,,,,
,,,,,,,,,,,,Subcooler Load Rack A,,,,,,,,,,,,,,,,,,,,,,,,,,,,,,,
,,,,,,,,,,,,Subcooler Load Rack B,,,,,,,,,,,,,,,,,,,,,,,,,,,,,,,
,,,,,,,,,,,,Subcooler Load Rack C,,,,,,,,,,,,,,,,,,,,,,,,,,,,,,,
,,,,,,,,,,,,Secondary Glycol Skid,,,,,,,,,,,,,,,,,,,,,,,,,,,,,,,
,,,,,,,,,,,,Secondary CO2 LOF Skid,,,,,,,,,,,,,,,,,,,,,,,,,,,,,,,
,,,,,,,,,,,,1 of 2 Skid Connections,,,,,,,,,,,,,,,,,,,,,,,,,,,,,,,
,,,,,,,,,,,,2 of 2 Skid Connections,,,,,,,,,,,,,,,,,,,,,,,,,,,,,,,
,,,,,,,,,,,,Spare,,,,,,,,,,,,,,,,,,,,,,,,,,,,,,,
,,,,,,,,,,,,Main Stub,,,,,,,,,,,,,,,,,,,,,,,,,,,,,,,
,,,,,,,,,,,,             ----------,,,,,,,,,,,,,,,,,,,,,,,,,,,,,,,
,,,,,,,,,,,,1/4  Freezer W.I. w / drs,FZR,,,,,,,,,,,,,,,,,,,,,,,,,,,,,,
,,,,,,,,,,,,Bakery Freezer W.I.,BKRY FZR,,,,,,,,,,,,,,,,,,,,,,,,,,,,,,
,,,,,,,,,,,,Deli / Bakery Freezer W.I.,BKRY/DELI FZR,,,,,,,,,,,,,,,,,,,,,,,,,,,,,,
,,,,,,,,,,,,Deli Freezer W.I.,DELI FZR,,,,,,,,,,,,,,,,,,,,,,,,,,,,,,
,,,,,,,,,,,,1/2 Dual Temp Coffin Island,,,,,,,,,,,,,,,,,,,,,,,,,,,,,,,
,,,,,,,,,,,,Dual Temp Coffin End,,,,,,,,,,,,,,,,,,,,,,,,,,,,,,,
,,,,,,,,,,,,Dual Temp Coffin Island,,,,,,,,,,,,,,,,,,,,,,,,,,,,,,,
,,,,,,,,,,,,Freezer W.I.,FZR,,,,,,,,,,,,,,,,,,,,,,,,,,,,,,
,,,,,,,,,,,,F.F. Coffin w/Ends,LT CFN,,,,,,,,,,,,,,,,,,,,,,,,,,,,,,
,,,,,,,,,,,,Frozen Food Frzr W.I.,FF FZR,,,,,,,,,,,,,,,,,,,,,,,,,,,,,,
,,,,,,,,,,,,Grocery / I.C. Freezer W.I.,,,,,,,,,,,,,,,,,,,,,,,,,,,,,,,
,,,,,,,,,,,,1/2 Grocery Freezer,GROC FZR,,,,,,,,,,,,,,,,,,,,,,,,,,,,,,
,,,,,,,,,,,,Grocery Freezer W.I.,GROC FZR,,,,,,,,,,,,,,,,,,,,,,,,,,,,,,
,,,,,,,,,,,,I.C. Freezer W.I.,IC FZR,,,,,,,,,,,,,,,,,,,,,,,,,,,,,,
,,,,,,,,,,,,1/2 I.C. Freezer W.I.,IC FZR,,,,,,,,,,,,,,,,,,,,,,,,,,,,,,
,,,,,,,,,,,,Low Temp Coffin,LT CFN,,,,,,,,,,,,,,,,,,,,,,,,,,,,,,
,,,,,,,,,,,,Reach-in F.F.,FF DRS,,,,,,,,,,,,,,,,,,,,,,,,,,,,,,
,,,,,,,,,,,,Reach-in Frozen Cake,IC CAKE,,,,,,,,,,,,,,,,,,,,,,,,,,,,,,
,,,,,,,,,,,,Reach-in I.C.,IC DRS,,,,,,,,,,,,,,,,,,,,,,,,,,,,,,
,,,,,,,,,,,,Reach-in Frozen Seafood,FF SFD,,,,,,,,,,,,,,,,,,,,,,,,,,,,,,
,,,,,,,,,,,,Seafood Freezer W.I.,SFD FZR,,,,,,,,,,,,,,,,,,,,,,,,,,,,,,
,,,,,,,,,,,,S.D. Frozen Seafood,,,,,,,,,,,,,,,,,,,,,,,,,,,,,,,
,,,,,,,,,,,,Pickup Freezer W.I.,PICKUP FZR,,,,,,,,,,,,,,,,,,,,,,,,,,,,,,
,,,,,,,,,,,,Spare,,,,,,,,,,,,,,,,,,,,,,,,,,,,,,,
